facility_name,facility_name_norm,city,sactype_value,CSDuid,CSDname
Alexandra Hospital,ALEXANDRA HOSPITAL,ingersoll,3,3532018,Ingersoll
Alexandra Marine and General Hospital,ALEXANDRA MARINE AND GENERAL HOSPITAL,goderich,6,3540028,Goderich
Alexandra Marine and General Hospital of Goderich,ALEXANDRA MARINE AND GENERAL HOSPITAL OF GODERICH,goderich,6,3540028,Goderich
Algoma Family Services,ALGOMA FAMILY SERVICES,sault ste marie,2,3557061,Sault Ste. Marie
Almonte General Hospital,ALMONTE GENERAL HOSPITAL,almonte,1,3509030,Mississippi Mills
Anson General Hospital,ANSON GENERAL HOSPITAL,iroquois falls,5,3556031,Iroquois Falls
Arnprior Regional Health — Arnprior & District Memorial Hospital,ARNPRIOR REGIONAL HEALTH ARNPRIOR DISTRICT MEMORIAL HOSPITAL,arnprior,1,3547002,Arnprior
Atikokan General Hospital,ATIKOKAN GENERAL HOSPITAL,atikokan,6,3559001,Atikokan
BROCKVILLE GENERAL - ST. VINCENT DE PAUL,BROCKVILLE GENERAL ST VINCENT DE PAUL,brockville,3,3507015,Brockville
Belleville General Hospital,BELLEVILLE GENERAL HOSPITAL,belleville,1,3512005,Belleville
Bingham Memorial Hospital,BINGHAM MEMORIAL HOSPITAL,matheson,5,3556014,Black River-Matheson
Blind River District Health Centre,BLIND RIVER DISTRICT HEALTH CENTRE,blind river,5,3557038,Blind River
Bluewater Health,BLUEWATER HEALTH,sarnia,2,3538030,Sarnia
Bluewater Health - Petrolia (Charlotte Eleanor Englehart Hospital),BLUEWATER HEALTH PETROLIA CHARLOTTE ELEANOR ENGLEHART HOSPITAL,petrolia,4,3538019,Petrolia
Brant Community Healthcare System - Brantford General Hospital Site,BRANT COMMUNITY HEALTHCARE SYSTEM BRANTFORD GENERAL HOSPITAL SITE,brantford,1,3529006,Brantford
Brockville General Hospital,BROCKVILLE GENERAL HOSPITAL,brockville,3,3507015,Brockville
Brockville General Hospital — Elmgrove Site,BROCKVILLE GENERAL HOSPITAL ELMGROVE SITE,brockville,NA,NA,Brockville
Cambridge Memorial Hospital,CAMBRIDGE MEMORIAL HOSPITAL,cambridge,1,3530010,Cambridge
Campbellford Memorial Hospital,CAMPBELLFORD MEMORIAL HOSPITAL,campbellford,4,3514045,Trent Hills
Carleton Place and District Memorial Hospital,CARLETON PLACE AND DISTRICT MEMORIAL HOSPITAL,carleton place,1,3509028,Carleton Place
Casey House Hospice,CASEY HOUSE HOSPICE,toronto,1,3520005,Toronto
Casselman Satellite Centre,CASSELMAN SATELLITE CENTRE,casselman,4,3502044,Casselman
Centre for Addiction and Mental Health,CENTRE FOR ADDICTION AND MENTAL HEALTH,toronto,1,3520005,Toronto
Centre for Addiction and Mental Health - Brentcliffe Rd. Site,CENTRE FOR ADDICTION AND MENTAL HEALTH BRENTCLIFFE RD SITE,toronto,1,3520005,Toronto
Centre for Addiction and Mental Health - College St. Site,CENTRE FOR ADDICTION AND MENTAL HEALTH COLLEGE ST SITE,toronto,1,3520005,Toronto
Centre for Addiction and Mental Health - Russell St. Site,CENTRE FOR ADDICTION AND MENTAL HEALTH RUSSELL ST SITE,toronto,1,3520005,Toronto
Chatham-Kent Health Alliance,CHATHAM KENT HEALTH ALLIANCE,chatham,3,3536020,Chatham-Kent
Chatham-Kent Health Alliance - Sydenham District Hospital Campus,CHATHAM KENT HEALTH ALLIANCE SYDENHAM DISTRICT HOSPITAL CAMPUS,wallaceburg,3,3536020,Chatham-Kent
Check Address for Confirmation,CHECK ADDRESS FOR CONFIRMATION,barrie,1,3543042,Barrie
Child and Parent Resource Institute,CHILD AND PARENT RESOURCE INSTITUTE,london,1,3539036,London
Children's Hospital of Eastern Ontario,CHILDREN S HOSPITAL OF EASTERN ONTARIO,ottawa,1,3506008,Ottawa
Collingwood General and Marine Hospital,COLLINGWOOD GENERAL AND MARINE HOSPITAL,collingwood,3,3543031,Collingwood
Cornwall Community Hospital - Mcconnell Ave.,CORNWALL COMMUNITY HOSPITAL MCCONNELL AVE,cornwall,3,3501012,Cornwall
Cosmetic Surgery Hospital,COSMETIC SURGERY HOSPITAL,woodbridge,1,3519028,Vaughan
Credit Valley Hospital,CREDIT VALLEY HOSPITAL,mississauga,1,3521005,Mississauga
Deep River and District Hospital,DEEP RIVER AND DISTRICT HOSPITAL,deep river,5,3547096,Deep River
Don Mills Surgical Unit,DON MILLS SURGICAL UNIT,north york,1,3520005,Toronto
Dryden Regional Health Centre,DRYDEN REGIONAL HEALTH CENTRE,dryden,6,3560027,Dryden
Emo Health Centre,EMO HEALTH CENTRE,emo,6,3559019,Emo
Englehart and District Hospital Inc.,ENGLEHART AND DISTRICT HOSPITAL INC,englehart,6,3554052,Englehart
Espanola General Hospital,ESPANOLA GENERAL HOSPITAL,espanola,5,3552026,Espanola
Four Counties Health Services Corporation,FOUR COUNTIES HEALTH SERVICES CORPORATION,newbury,4,3539002,Newbury
Georgetown Hospital,GEORGETOWN HOSPITAL,georgetown,1,3524015,Halton Hills
Geraldton District Hospital,GERALDTON DISTRICT HOSPITAL,geraldton,6,3558075,Greenstone
Grand River Hospital,GRAND RIVER HOSPITAL,kitchener,1,3530013,Kitchener
Grey Bruce Health Services (Corporate Headquarters) - Owen Sound,GREY BRUCE HEALTH SERVICES CORPORATE HEADQUARTERS OWEN SOUND,owen sound,3,3542059,Owen Sound
Grey Bruce Health Services - Lion's Head,GREY BRUCE HEALTH SERVICES LION S HEAD,lions head,5,3541069,Northern Bruce Peninsula
Grey Bruce Health Services - Markdale,GREY BRUCE HEALTH SERVICES MARKDALE,markdale,5,3542015,Grey Highlands
Grey Bruce Health Services - Meaford,GREY BRUCE HEALTH SERVICES MEAFORD,meaford,4,3542047,Meaford
Grey Bruce Health Services - Southampton,GREY BRUCE HEALTH SERVICES SOUTHAMPTON,southampton,5,3541045,Saugeen Shores
Grey Bruce Health Services - Wiarton,GREY BRUCE HEALTH SERVICES WIARTON,wiarton,5,3541055,South Bruce Peninsula
Groves Memorial Community Hospital,GROVES MEMORIAL COMMUNITY HOSPITAL,fergus,3,3523025,Centre Wellington
Guelph General Hospital,GUELPH GENERAL HOSPITAL,guelph,1,3523008,Guelph
Haldimand War Memorial Hospital,HALDIMAND WAR MEMORIAL HOSPITAL,dunnville,4,3528018,Haldimand County
Haliburton Highlands Health Services - Haliburton Hospital,HALIBURTON HIGHLANDS HEALTH SERVICES HALIBURTON HOSPITAL,haliburton,5,3546024,Dysart et al
Haliburton Highlands Health Services - Minden,HALIBURTON HIGHLANDS HEALTH SERVICES MINDEN,minden,5,3546015,Minden Hills
Halton Healthcare Services - Oakville,HALTON HEALTHCARE SERVICES OAKVILLE,oakville,1,3524001,Oakville
Halton Healthcare Services Corporation - Milton Site,HALTON HEALTHCARE SERVICES CORPORATION MILTON SITE,milton,1,3524009,Milton
Hamilton Health Sciences - Hamilton General Hospital,HAMILTON HEALTH SCIENCES HAMILTON GENERAL HOSPITAL,hamilton,1,3525005,Hamilton
Hamilton Health Sciences - Juravinski Hospital,HAMILTON HEALTH SCIENCES JURAVINSKI HOSPITAL,hamilton,1,3525005,Hamilton
Hamilton Health Sciences - Mcmaster,HAMILTON HEALTH SCIENCES MCMASTER,hamilton,1,3525005,Hamilton
Hamilton Health Sciences - St. Peter's Hospital,HAMILTON HEALTH SCIENCES ST PETER S HOSPITAL,hamilton,1,3525005,Hamilton
Hamilton Health Sciences - Ucc,HAMILTON HEALTH SCIENCES UCC,hamilton,1,3525005,Hamilton
Hanover and District Hospital,HANOVER AND DISTRICT HOSPITAL,hanover,5,3542029,Hanover
Headwaters Health Care Centre - Headwaters Orangeville,HEADWATERS HEALTH CARE CENTRE HEADWATERS ORANGEVILLE,orangeville,1,3522014,Orangeville
Health Sciences North - Ramsey Lake Health Centre,HEALTH SCIENCES NORTH RAMSEY LAKE HEALTH CENTRE,sudbury,1,3553005,Greater Sudbury / Grand Sudbury
Holland Bloorview Kids Rehabilitation Hospital,HOLLAND BLOORVIEW KIDS REHABILITATION HOSPITAL,toronto,1,3520005,Toronto
Homewood Health Centre,HOMEWOOD HEALTH CENTRE,guelph,1,3523008,Guelph
Hornepayne Community Hospital,HORNEPAYNE COMMUNITY HOSPITAL,hornepayne,6,3557096,Hornepayne
Hospital for Sick Children,HOSPITAL FOR SICK CHILDREN,toronto,1,3520005,Toronto
Hotel Dieu Hospital - Religious Hospitallers of Saint Joseph of the Hotel Dieu of Kingston,HOTEL DIEU HOSPITAL RELIGIOUS HOSPITALLERS OF SAINT JOSEPH OF THE HOTEL DIEU OF KINGSTON,kingston,1,3510010,Kingston
Hotel Dieu Hospital of Cornwall,HOTEL DIEU HOSPITAL OF CORNWALL,cornwall,3,3501012,Cornwall
Hotel Dieu Shaver Health & Rehabilitation Centre,HOTEL DIEU SHAVER HEALTH REHABILITATION CENTRE,st catharines,1,3526053,St. Catharines
Humber River Hospital,HUMBER RIVER HOSPITAL,toronto,1,3520005,Toronto
Humber River Hospital -York Finch,HUMBER RIVER HOSPITAL YORK FINCH,toronto,1,3520005,Toronto
Humber River Regional Hospital - Church St. Site,HUMBER RIVER REGIONAL HOSPITAL CHURCH ST SITE,weston,1,3520005,Toronto
Humber River Regional Hospital - Keele Street Site,HUMBER RIVER REGIONAL HOSPITAL KEELE STREET SITE,toronto,1,3520005,Toronto
Huron Perth Healthcare Alliance - Clinton Public Hospital,HURON PERTH HEALTHCARE ALLIANCE CLINTON PUBLIC HOSPITAL,clinton,5,3540025,Central Huron
Huron Perth Healthcare Alliance - Seaforth Community Hospital,HURON PERTH HEALTHCARE ALLIANCE SEAFORTH COMMUNITY HOSPITAL,seaforth,5,3540040,Huron East
Huron Perth Healthcare Alliance - St. Marys Memorial Hospital,HURON PERTH HEALTHCARE ALLIANCE ST MARYS MEMORIAL HOSPITAL,st marys,4,3531016,St. Marys
Huronia District Hospital,HURONIA DISTRICT HOSPITAL,midland,3,3543074,Midland
HÔPITAL GENERAL DE HAWKESBURY AND DISTRICT GENERAL HOSPITAL INC.,H PITAL GENERAL DE HAWKESBURY AND DISTRICT GENERAL HOSPITAL INC,hawkesbury,3,3502008,Hawkesbury
HÔPITAL GLENGARRY MEMORIAL HOSPITAL,H PITAL GLENGARRY MEMORIAL HOSPITAL,alexandria,5,3501050,North Glengarry
HÔPITAL MONTFORT HOSPITAL,H PITAL MONTFORT HOSPITAL,ottawa,1,3506008,Ottawa
HÔPITAL ÉLISABETH BRUYÈRE HOSPITAL,H PITAL LISABETH BRUY RE HOSPITAL,ottawa,1,3506008,Ottawa
James Bay General Hospital - Attawapiskat,JAMES BAY GENERAL HOSPITAL ATTAWAPISKAT,attawapiskat,6,3560051,Attawapiskat 91A
James Bay General Hospital - Fort Albany,JAMES BAY GENERAL HOSPITAL FORT ALBANY,fort albany,6,3556092,"Cochrane, Unorganized, North Part"
Joseph Brant Memorial Hospital,JOSEPH BRANT MEMORIAL HOSPITAL,burlington,1,3524002,Burlington
Kashechewan First Nation,KASHECHEWAN FIRST NATION,kashechewan,7,3556106,Moosonee
Kemptville District Hospital,KEMPTVILLE DISTRICT HOSPITAL,kemptville,1,3507065,North Grenville
Kingston General Hospital,KINGSTON GENERAL HOSPITAL,kingston,1,3510010,Kingston
Kirkland and District Hospital,KIRKLAND AND DISTRICT HOSPITAL,kirkland lake,6,3554068,Kirkland Lake
Lady Dunn Health Centre,LADY DUNN HEALTH CENTRE,wawa,6,3557076,Wawa
Lady Minto Hospital,LADY MINTO HOSPITAL,cochrane,6,3556042,Cochrane
Lake of the Woods District Hospital,LAKE OF THE WOODS DISTRICT HOSPITAL,kenora,3,3560010,Kenora
Lakeridge Health - Bowmanville,LAKERIDGE HEALTH BOWMANVILLE,bowmanville,1,3518017,Clarington
Lakeridge Health - Oshawa,LAKERIDGE HEALTH OSHAWA,oshawa,1,3518013,Oshawa
Lakeridge Health - Port Perry,LAKERIDGE HEALTH PORT PERRY,port perry,4,3518020,Scugog
Lakeridge Health - Whitby,LAKERIDGE HEALTH WHITBY,whitby,1,3518009,Whitby
Lakeridge Health Ajax Pickering Hospital,LAKERIDGE HEALTH AJAX PICKERING HOSPITAL,ajax,1,3518005,Ajax
Laverendrye General Hospital,LAVERENDRYE GENERAL HOSPITAL,fort frances,6,3559012,Fort Frances
Leamington District Memorial Hospital,LEAMINGTON DISTRICT MEMORIAL HOSPITAL,leamington,1,3537003,Leamington
Lennox and Addington County General Hospital,LENNOX AND ADDINGTON COUNTY GENERAL HOSPITAL,napanee,4,3511015,Greater Napanee
Listowel Wingham Hospitals Alliance - Listowel Memorial Hospital,LISTOWEL WINGHAM HOSPITALS ALLIANCE LISTOWEL MEMORIAL HOSPITAL,listowel,5,3531040,North Perth
Listowel Wingham Hospitals Alliance - Wingham and District Hospital,LISTOWEL WINGHAM HOSPITALS ALLIANCE WINGHAM AND DISTRICT HOSPITAL,wingham,6,3540055,North Huron
London Health Sciences Centre - South Street Site,LONDON HEALTH SCIENCES CENTRE SOUTH STREET SITE,london,1,3539036,London
London Health Sciences Centre - University Campus,LONDON HEALTH SCIENCES CENTRE UNIVERSITY CAMPUS,london,1,3539036,London
London Health Sciences Centre - Victoria,LONDON HEALTH SCIENCES CENTRE VICTORIA,london,1,3539036,London
Mackenzie Health — Reactivation Care Centre Finch,MACKENZIE HEALTH REACTIVATION CARE CENTRE FINCH,toronto,NA,NA,Toronto
Mackenzie Richmond Hill Hospital,MACKENZIE RICHMOND HILL HOSPITAL,richmond hill,1,3519038,Richmond Hill
Manitoulin Health Centre - Little Current Site,MANITOULIN HEALTH CENTRE LITTLE CURRENT SITE,little current,5,3551017,Northeastern Manitoulin and the Islands
Manitoulin Health Centre - Mindemoya,MANITOULIN HEALTH CENTRE MINDEMOYA,mindemoya,6,3551006,Central Manitoulin
Manitouwadge General Hospital,MANITOUWADGE GENERAL HOSPITAL,manitouwadge,6,3558066,Manitouwadge
Markham Stouffville Hospital,MARKHAM STOUFFVILLE HOSPITAL,markham,1,3519036,Markham
Markham Stouffville Hospital - Uxbridge Site,MARKHAM STOUFFVILLE HOSPITAL UXBRIDGE SITE,uxbridge,1,3518029,Uxbridge
Markham Stouffville Hospital — Reactivation Care Centre Finch,MARKHAM STOUFFVILLE HOSPITAL REACTIVATION CARE CENTRE FINCH,toronto,NA,NA,Toronto
Mattawa General Hospital Inc.,MATTAWA GENERAL HOSPITAL INC,mattawa,5,3556014,Black River-Matheson
Matthews Memorial Hospital,MATTHEWS MEMORIAL HOSPITAL,richards landing,4,3557008,St. Joseph
Mount Sinai Hospital,MOUNT SINAI HOSPITAL,toronto,1,3520005,Toronto
Muskoka Algonquin Healthcare - Huntsville District Memorial Hospital Site,MUSKOKA ALGONQUIN HEALTHCARE HUNTSVILLE DISTRICT MEMORIAL HOSPITAL SITE,huntsville,5,3544018,Bracebridge
Niagara Health System - Douglas Memorial Hospital,NIAGARA HEALTH SYSTEM DOUGLAS MEMORIAL HOSPITAL,fort erie,1,3526003,Fort Erie
Niagara Health System - Greater Niagara General Site,NIAGARA HEALTH SYSTEM GREATER NIAGARA GENERAL SITE,niagara falls,1,3526043,Niagara Falls
Niagara Health System - Niagara-on-the-Lake Hospital Site,NIAGARA HEALTH SYSTEM NIAGARA ON THE LAKE HOSPITAL SITE,niagara-on-the-lake,1,3526047,Niagara-on-the-Lake
Niagara Health System - Port Colborne General Site,NIAGARA HEALTH SYSTEM PORT COLBORNE GENERAL SITE,port colborne,1,3526011,Port Colborne
Niagara Health System - St. Catharines,NIAGARA HEALTH SYSTEM ST CATHARINES,st catharines,1,3526053,St. Catharines
Niagara Health System - St. Catharines General Site,NIAGARA HEALTH SYSTEM ST CATHARINES GENERAL SITE,st catharines,1,3526053,St. Catharines
Nipigon District Memorial Hospital,NIPIGON DISTRICT MEMORIAL HOSPITAL,nipigon,5,3558044,Nipigon
Norfolk General Hospital,NORFOLK GENERAL HOSPITAL,simcoe,3,3528052,Norfolk County
North Bay General Hospital - Mclaren Site,NORTH BAY GENERAL HOSPITAL MCLAREN SITE,north bay,2,3548044,North Bay
North Bay Regional Health Centre,NORTH BAY REGIONAL HEALTH CENTRE,north bay,2,3548044,North Bay
North Bay Regional Health Centre - Kirkwood,NORTH BAY REGIONAL HEALTH CENTRE KIRKWOOD,sudbury,1,3553005,Greater Sudbury / Grand Sudbury
North Wellington Health Care - Louise Marshall Hospital,NORTH WELLINGTON HEALTH CARE LOUISE MARSHALL HOSPITAL,mount forest,5,3523050,Wellington North
North York General Hospital - Branson Division,NORTH YORK GENERAL HOSPITAL BRANSON DIVISION,north york,1,3520005,Toronto
North York General Hospital - General Division,NORTH YORK GENERAL HOSPITAL GENERAL DIVISION,north york,1,3520005,Toronto
North York General Hospital — Reactivation Care Centre Finch,NORTH YORK GENERAL HOSPITAL REACTIVATION CARE CENTRE FINCH,toronto,NA,NA,Toronto
North of Superior Healthcare Group - Mccausland Hospital,NORTH OF SUPERIOR HEALTHCARE GROUP MCCAUSLAND HOSPITAL,terrace bay,6,3558054,Terrace Bay
Northumberland Hills Hospital,NORTHUMBERLAND HILLS HOSPITAL,cobourg,3,3514021,Cobourg
Notre-Dame Hospital - Hearst,NOTRE DAME HOSPITAL HEARST,hearst,6,3556076,Hearst
Ongwanada Hospital,ONGWANADA HOSPITAL,kingston,1,3510010,Kingston
Ontario Shores Centre for Mental Health Sciences,ONTARIO SHORES CENTRE FOR MENTAL HEALTH SCIENCES,whitby,1,3518009,Whitby
Orillia Soldiers' Memorial Hospital,ORILLIA SOLDIERS MEMORIAL HOSPITAL,orillia,3,3543052,Orillia
Pembroke Regional Hospital,PEMBROKE REGIONAL HOSPITAL,pembroke,3,3547064,Pembroke
Perth and Smiths Falls District Hospital,PERTH AND SMITHS FALLS DISTRICT HOSPITAL,smiths falls,5,3509010,Drummond/North Elmsley
Perth and Smiths Falls District Hospital - Perth,PERTH AND SMITHS FALLS DISTRICT HOSPITAL PERTH,perth,5,3509021,Perth
Peterborough Regional Health Centre,PETERBOROUGH REGIONAL HEALTH CENTRE,peterborough,1,3515014,Peterborough
Providence Care - Mental Health Services,PROVIDENCE CARE MENTAL HEALTH SERVICES,kingston,1,3510010,Kingston
Queensway Carleton Hospital,QUEENSWAY CARLETON HOSPITAL,ottawa,1,3506008,Ottawa
Quinte Health Care - North Hastings District Hospital,QUINTE HEALTH CARE NORTH HASTINGS DISTRICT HOSPITAL,bancroft,5,3512061,Bancroft
Quinte Health Care - Prince Edward County Memorial Hospital,QUINTE HEALTH CARE PRINCE EDWARD COUNTY MEMORIAL HOSPITAL,picton,4,3513020,Prince Edward County
Quinte Healthcare Corporation - Trenton Memorial Hospital,QUINTE HEALTHCARE CORPORATION TRENTON MEMORIAL HOSPITAL,trenton,1,3512015,Quinte West
Red Lake Margaret Cochenour Memorial Hospital,RED LAKE MARGARET COCHENOUR MEMORIAL HOSPITAL,red lake,6,3560042,Red Lake
Regional Mental Health Care - London,REGIONAL MENTAL HEALTH CARE LONDON,london,1,3539036,London
Renfrew Victoria Hospital,RENFREW VICTORIA HOSPITAL,renfrew,5,3547048,Renfrew
Ross Memorial Hospital,ROSS MEMORIAL HOSPITAL,kawartha lakes,3,3516010,Kawartha Lakes
Royal Ottawa Health Care Group - Brockville Mental Health Centre,ROYAL OTTAWA HEALTH CARE GROUP BROCKVILLE MENTAL HEALTH CENTRE,brockville,3,3507014,Elizabethtown-Kitley
Royal Ottawa Mental Health Centre,ROYAL OTTAWA MENTAL HEALTH CENTRE,ottawa,1,3506008,Ottawa
Sault Area Hospital,SAULT AREA HOSPITAL,sault ste marie,2,3557061,Sault Ste. Marie
Scarborough Health Network - Centenary Hospital,SCARBOROUGH HEALTH NETWORK CENTENARY HOSPITAL,toronto,1,3520005,Toronto
Sensenbrenner Hospital,SENSENBRENNER HOSPITAL,kapuskasing,6,3556066,Kapuskasing
Shouldice Hospital Ltd.,SHOULDICE HOSPITAL LTD,thornhill,1,3519036,Markham
Sioux Lookout Meno Ya Win Health Centre,SIOUX LOOKOUT MENO YA WIN HEALTH CENTRE,sioux lookout,6,3560034,Sioux Lookout
Sioux Lookout Meno-Ya-Win Health Centre - Seventh Avenue Site,SIOUX LOOKOUT MENO YA WIN HEALTH CENTRE SEVENTH AVENUE SITE,sioux lookout,6,3560034,Sioux Lookout
Smooth Rock Falls Hospital,SMOOTH ROCK FALLS HOSPITAL,smooth rock falls,5,3556048,Smooth Rock Falls
South Bruce Grey Health Centre - Chesley,SOUTH BRUCE GREY HEALTH CENTRE CHESLEY,chesley,5,3541043,Arran-Elderslie
South Bruce Grey Health Centre - Durham,SOUTH BRUCE GREY HEALTH CENTRE DURHAM,durham,5,3542004,West Grey
South Bruce Grey Health Centre - Kincardine,SOUTH BRUCE GREY HEALTH CENTRE KINCARDINE,kincardine,6,3541024,Kincardine
South Bruce Grey Health Centre - Walkerton,SOUTH BRUCE GREY HEALTH CENTRE WALKERTON,walkerton,6,3541032,Brockton
South Huron Hospital,SOUTH HURON HOSPITAL,exeter,5,3540005,South Huron
South Muskoka Memorial Hospital,SOUTH MUSKOKA MEMORIAL HOSPITAL,bracebridge,5,3544018,Bracebridge
Southlake Regional Health Centre,SOUTHLAKE REGIONAL HEALTH CENTRE,newmarket,1,3519048,Newmarket
St. Francis Memorial Hospital,ST FRANCIS MEMORIAL HOSPITAL,barrys bay,6,3547030,Madawaska Valley
St. John's Rehabilitation Hospital,ST JOHN S REHABILITATION HOSPITAL,toronto,1,3520005,Toronto
St. Joseph's Care Group - Lakehead Psychiatric Hospital,ST JOSEPH S CARE GROUP LAKEHEAD PSYCHIATRIC HOSPITAL,thunder bay,1,3558004,Thunder Bay
St. Joseph's General Hospital - Elliot Lake,ST JOSEPH S GENERAL HOSPITAL ELLIOT LAKE,elliot lake,3,3557041,Elliot Lake
St. Joseph's Health Care London - Parkwood,ST JOSEPH S HEALTH CARE LONDON PARKWOOD,london,1,3539036,London
St. Joseph's Health Centre - Toronto,ST JOSEPH S HEALTH CENTRE TORONTO,toronto,1,3520005,Toronto
St. Joseph's Healthcare - Charlton Campus,ST JOSEPH S HEALTHCARE CHARLTON CAMPUS,hamilton,1,3525005,Hamilton
St. Joseph's Healthcare - West 5th Campus,ST JOSEPH S HEALTHCARE WEST 5TH CAMPUS,hamilton,1,3525005,Hamilton
St. Joseph's Healthcare Hamilton,ST JOSEPH S HEALTHCARE HAMILTON,hamilton,1,3525005,Hamilton
St. Joseph's Healthcare Hamilton - King Campus,ST JOSEPH S HEALTHCARE HAMILTON KING CAMPUS,hamilton,1,3525005,Hamilton
St. Joseph's Hospital - London,ST JOSEPH S HOSPITAL LONDON,london,1,3539036,London
St. Joseph’s Health Centre of Sudbury,ST JOSEPH S HEALTH CENTRE OF SUDBURY,sudbury,1,3553005,Greater Sudbury / Grand Sudbury
St. Mary's General Hospital,ST MARY S GENERAL HOSPITAL,kitchener,1,3530013,Kitchener
St. Michael's Hospital - Bond St. Site,ST MICHAEL S HOSPITAL BOND ST SITE,toronto,1,3520005,Toronto
St. Thomas - Elgin General Hospital,ST THOMAS ELGIN GENERAL HOSPITAL,st thomas,1,3534021,St. Thomas
Stevenson Memorial Hospital,STEVENSON MEMORIAL HOSPITAL,alliston,1,3543007,New Tecumseth
Stratford General Hospital,STRATFORD GENERAL HOSPITAL,stratford,3,3531011,Stratford
Strathroy Middlesex General Hospital,STRATHROY MIDDLESEX GENERAL HOSPITAL,strathroy,1,3539015,Strathroy-Caradoc
Sunnybrook Health Sciences Centre,SUNNYBROOK HEALTH SCIENCES CENTRE,toronto,1,3520005,Toronto
Sunnybrook Health Sciences Centre - Bayview Campus,SUNNYBROOK HEALTH SCIENCES CENTRE BAYVIEW CAMPUS,toronto,1,3520005,Toronto
Sunnybrook Health Sciences Centre - Women's College Hospital,SUNNYBROOK HEALTH SCIENCES CENTRE WOMEN S COLLEGE HOSPITAL,toronto,1,3520005,Toronto
Sunnybrook Health Sciences Centre — Reactivation Care Centre Church,SUNNYBROOK HEALTH SCIENCES CENTRE REACTIVATION CARE CENTRE CHURCH,toronto,NA,NA,Toronto
THE OTTAWA HOSPITAL/L'HÔPITAL D'OTTAWA - GENERAL CAMPUS,THE OTTAWA HOSPITAL L H PITAL D OTTAWA GENERAL CAMPUS,ottawa,1,3506008,Ottawa
THE OTTAWA HOSPITAL/L'HÔPITAL D'OTTAWA - THE REHABILITATION CENTRE,THE OTTAWA HOSPITAL L H PITAL D OTTAWA THE REHABILITATION CENTRE,ottawa,1,3506008,Ottawa
TIMMINS AND DISTRICT HOSPITAL/L'HÔPITAL DE TIMMINS ET DU DISTRICT,TIMMINS AND DISTRICT HOSPITAL L H PITAL DE TIMMINS ET DU DISTRICT,timmins,3,3556027,Timmins
Temiskaming Hospital,TEMISKAMING HOSPITAL,new liskeard,6,3554020,Temiskaming Shores
Thessalon Hospital,THESSALON HOSPITAL,thessalon,5,3557028,Thessalon
Thunder Bay Regional Health Sciences Centre,THUNDER BAY REGIONAL HEALTH SCIENCES CENTRE,thunder bay,1,3558004,Thunder Bay
Tillsonburg District Memorial Hospital,TILLSONBURG DISTRICT MEMORIAL HOSPITAL,tillsonburg,3,3532004,Tillsonburg
Toronto East General Hospital,TORONTO EAST GENERAL HOSPITAL,toronto,1,3520005,Toronto
Toronto Rehabilitation Institute - Hillcrest Centre,TORONTO REHABILITATION INSTITUTE HILLCREST CENTRE,toronto,1,3520005,Toronto
Toronto Rehabilitation Institute - Lyndhurst Centre,TORONTO REHABILITATION INSTITUTE LYNDHURST CENTRE,toronto,1,3520005,Toronto
Toronto Rehabilitation Institute - Rumsey Centre,TORONTO REHABILITATION INSTITUTE RUMSEY CENTRE,toronto,1,3520005,Toronto
Toronto Rehabilitation Institute - University Centre,TORONTO REHABILITATION INSTITUTE UNIVERSITY CENTRE,toronto,1,3520005,Toronto
Toronto Rehabilitation Institute - e. w. Bickle Centre,TORONTO REHABILITATION INSTITUTE E W BICKLE CENTRE,toronto,1,3520005,Toronto
Trillium Health Partners - Queensway Health Centre,TRILLIUM HEALTH PARTNERS QUEENSWAY HEALTH CENTRE,etobicoke,1,3520005,Toronto
Trillium Health Partners — Mississauga Hospital,TRILLIUM HEALTH PARTNERS MISSISSAUGA HOSPITAL,mississauga,1,3521005,Mississauga
Trillium Health Partners — Reactivation Care Centre Church,TRILLIUM HEALTH PARTNERS REACTIVATION CARE CENTRE CHURCH,toronto,NA,NA,Toronto
Unity Health Toronto — Reactivation Care Centre Church,UNITY HEALTH TORONTO REACTIVATION CARE CENTRE CHURCH,toronto,NA,NA,Toronto
University Health Network - Princess Margaret Hospital,UNIVERSITY HEALTH NETWORK PRINCESS MARGARET HOSPITAL,toronto,1,3520005,Toronto
University Health Network - Toronto General Hospital,UNIVERSITY HEALTH NETWORK TORONTO GENERAL HOSPITAL,toronto,1,3520005,Toronto
University Health Network - Toronto Western Hospital,UNIVERSITY HEALTH NETWORK TORONTO WESTERN HOSPITAL,toronto,1,3520005,Toronto
Waypoint Centre for Mental Health Care,WAYPOINT CENTRE FOR MENTAL HEALTH CARE,penetanguishene,3,3543072,Penetanguishene
Weeneebayko Area Health Authority - Attawapiskat,WEENEEBAYKO AREA HEALTH AUTHORITY ATTAWAPISKAT,moose factory,6,3560051,Attawapiskat 91A
Weeneebayko Area Health Authority - Moosonee,WEENEEBAYKO AREA HEALTH AUTHORITY MOOSONEE,moosonee,7,3556106,Moosonee
Weeneebayko General Hospital,WEENEEBAYKO GENERAL HOSPITAL,moose factory,6,3556092,"Cochrane, Unorganized, North Part"
Weenusk First Nation,WEENUSK FIRST NATION,peawanuck,7,3560091,Peawanuck
Wellington Health Care Alliance - Palmerston and District Hospital,WELLINGTON HEALTH CARE ALLIANCE PALMERSTON AND DISTRICT HOSPITAL,palmerston,5,3523043,Minto
West Haldimand General Hospital,WEST HALDIMAND GENERAL HOSPITAL,hagersville,4,3528018,Haldimand County
West Lincoln Memorial Hospital,WEST LINCOLN MEMORIAL HOSPITAL,grimsby,1,3526065,Grimsby
West Park Healthcare Centre,WEST PARK HEALTHCARE CENTRE,toronto,1,3520005,Toronto
West Parry Sound Health Centre,WEST PARRY SOUND HEALTH CENTRE,parry sound,6,3549032,Parry Sound
William Osler Health System - Brampton Civic Hospital,WILLIAM OSLER HEALTH SYSTEM BRAMPTON CIVIC HOSPITAL,brampton,1,3521010,Brampton
William Osler Health System - Etobicoke,WILLIAM OSLER HEALTH SYSTEM ETOBICOKE,etobicoke,1,3520005,Toronto
William Osler Health System - Peel Memorial,WILLIAM OSLER HEALTH SYSTEM PEEL MEMORIAL,brampton,1,3521010,Brampton
Wilson Memorial General Hospital,WILSON MEMORIAL GENERAL HOSPITAL,marathon,6,3558059,Marathon
Winchester District Memorial Hospital,WINCHESTER DISTRICT MEMORIAL HOSPITAL,winchester,4,3501030,North Dundas
Windsor Regional Hospital - Mary Vale,WINDSOR REGIONAL HOSPITAL MARY VALE,windsor,1,3537039,Windsor
Windsor Regional Hospital - Metropolitan Campus,WINDSOR REGIONAL HOSPITAL METROPOLITAN CAMPUS,windsor,1,3537039,Windsor
Windsor Regional Hospital - Ouellette Campus,WINDSOR REGIONAL HOSPITAL OUELLETTE CAMPUS,windsor,1,3537039,Windsor
Windsor Regional Hospital - Western Campus,WINDSOR REGIONAL HOSPITAL WESTERN CAMPUS,windsor,1,3537039,Windsor
Woodstock General Hospital,WOODSTOCK GENERAL HOSPITAL,woodstock,3,3532042,Woodstock
r. s. Mclaughlin Durham Regional Cancer Centre,R S MCLAUGHLIN DURHAM REGIONAL CANCER CENTRE,oshawa,1,3518013,Oshawa
the Ottawa Hospital - Civic Campus,THE OTTAWA HOSPITAL CIVIC CAMPUS,ottawa,1,3506008,Ottawa
the Ottawa Hospital - Riverside Campus,THE OTTAWA HOSPITAL RIVERSIDE CAMPUS,ottawa,1,3506008,Ottawa
the Scarborough Hospital - General Campus,THE SCARBOROUGH HOSPITAL GENERAL CAMPUS,scarborough,1,3520005,Toronto
the Scarborough Hospital - Grace Campus,THE SCARBOROUGH HOSPITAL GRACE CAMPUS,scarborough,1,3520005,Toronto
the University of Ottawa Heart Institute,THE UNIVERSITY OF OTTAWA HEART INSTITUTE,ottawa,1,3506008,Ottawa
the West Nipissing General Hospital,THE WEST NIPISSING GENERAL HOSPITAL,sturgeon falls,5,3548055,West Nipissing / Nipissing Ouest
